as_of,ticker,name,cik,sector
2025-12-31,A,Agilent Technologies,0001090872,Health Care
2025-12-31,AAPL,Apple Inc.,0000320193,Information Technology
2025-12-31,ABBV,AbbVie,0001551152,Health Care
2025-12-31,ABNB,Airbnb,0001559720,Consumer Discretionary
2025-12-31,ABT,Abbott Laboratories,0000001800,Health Care
2025-12-31,ACGL,Arch Capital Group,0000947484,Financials
2025-12-31,ACN,Accenture,0001467373,Information Technology
2025-12-31,ADBE,Adobe Inc.,0000796343,Information Technology
2025-12-31,ADI,Analog Devices,0000006281,Information Technology
2025-12-31,ADM,Archer Daniels Midland,0000007084,Consumer Staples
2025-12-31,ADP,Automatic Data Processing,0000008670,Industrials
2025-12-31,ADSK,Autodesk,0000769397,Information Technology
2025-12-31,AEE,Ameren,0001002910,Utilities
2025-12-31,AEP,American Electric Power,0000004904,Utilities
2025-12-31,AES,AES Corporation,0000874761,Utilities
2025-12-31,AFL,Aflac,0000004977,Financials
2025-12-31,AIG,American International Group,0000005272,Financials
2025-12-31,AIZ,Assurant,0001267238,Financials
2025-12-31,AJG,Arthur J. Gallagher & Co.,0000354190,Financials
2025-12-31,AKAM,Akamai Technologies,0001086222,Information Technology
2025-12-31,ALB,Albemarle Corporation,0000915913,Materials
2025-12-31,ALGN,Align Technology,0001097149,Health Care
2025-12-31,ALL,Allstate,0000899051,Financials
2025-12-31,ALLE,Allegion,0001579241,Industrials
2025-12-31,AMAT,Applied Materials,0000006951,Information Technology
2025-12-31,AMCR,Amcor,0001748790,Materials
2025-12-31,AMD,Advanced Micro Devices,0000002488,Information Technology
2025-12-31,AME,Ametek,0001037868,Industrials
2025-12-31,AMGN,Amgen,0000318154,Health Care
2025-12-31,AMP,Ameriprise Financial,0000820027,Financials
2025-12-31,AMT,American Tower,0001053507,Real Estate
2025-12-31,AMZN,Amazon,0001018724,Consumer Discretionary
2025-12-31,ANET,Arista Networks,0001596532,Information Technology
2025-12-31,AON,Aon plc,0000315293,Financials
2025-12-31,AOS,A. O. Smith,0000091142,Industrials
2025-12-31,APA,APA Corporation,0001841666,Energy
2025-12-31,APD,Air Products,0000002969,Materials
2025-12-31,APH,Amphenol,0000820313,Information Technology
2025-12-31,APO,Apollo Global Management,0001858681,Financials
2025-12-31,APP,AppLovin,0001751008,Communication Services
2025-12-31,APTV,Aptiv,0001521332,Consumer Discretionary
2025-12-31,ARE,Alexandria Real Estate Equities,0001035443,Real Estate
2025-12-31,ARES,Ares Management,0001176948,Financials
2025-12-31,ATO,Atmos Energy,0000731802,Utilities
2025-12-31,AVB,AvalonBay Communities,0000915912,Real Estate
2025-12-31,AVGO,Broadcom,0001730168,Information Technology
2025-12-31,AVY,Avery Dennison,0000008818,Materials
2025-12-31,AWK,American Water Works,0001410636,Utilities
2025-12-31,AXON,Axon Enterprise,0001069183,Industrials
2025-12-31,AXP,American Express,0000004962,Financials
2025-12-31,AZO,AutoZone,0000866787,Consumer Discretionary
2025-12-31,BA,Boeing,0000012927,Industrials
2025-12-31,BAC,Bank of America,0000070858,Financials
2025-12-31,BALL,Ball Corporation,0000009389,Materials
2025-12-31,BAX,Baxter International,0000010456,Health Care
2025-12-31,BBY,Best Buy,0000764478,Consumer Discretionary
2025-12-31,BDX,Becton Dickinson,0000010795,Health Care
2025-12-31,BEN,Franklin Resources,0000038777,Financials
2025-12-31,BF.B,Brown–Forman,0000014693,Consumer Staples
2025-12-31,BG,Bunge Global,0001996862,Consumer Staples
2025-12-31,BIIB,Biogen,0000875045,Health Care
2025-12-31,BK,BNY Mellon,0001390777,Financials
2025-12-31,BKNG,Booking Holdings,0001075531,Consumer Discretionary
2025-12-31,BKR,Baker Hughes,0001701605,Energy
2025-12-31,BLDR,Builders FirstSource,0001316835,Industrials
2025-12-31,BLK,BlackRock,0002012383,Financials
2025-12-31,BMY,Bristol Myers Squibb,0000014272,Health Care
2025-12-31,BR,Broadridge Financial Solutions,0001383312,Industrials
2025-12-31,BRK.B,Berkshire Hathaway,0001067983,Financials
2025-12-31,BRO,Brown & Brown,0000079282,Financials
2025-12-31,BSX,Boston Scientific,0000885725,Health Care
2025-12-31,BX,Blackstone Inc.,0001393818,Financials
2025-12-31,BXP,"BXP, Inc.",0001037540,Real Estate
2025-12-31,C,Citigroup,0000831001,Financials
2025-12-31,CAG,Conagra Brands,0000023217,Consumer Staples
2025-12-31,CAH,Cardinal Health,0000721371,Health Care
2025-12-31,CARR,Carrier Global,0001783180,Industrials
2025-12-31,CAT,Caterpillar Inc.,0000018230,Industrials
2025-12-31,CB,Chubb Limited,0000896159,Financials
2025-12-31,CBOE,Cboe Global Markets,0001374310,Financials
2025-12-31,CBRE,CBRE Group,0001138118,Real Estate
2025-12-31,CCI,Crown Castle,0001051470,Real Estate
2025-12-31,CCL,Carnival Corporation,0000815097,Consumer Discretionary
2025-12-31,CDNS,Cadence Design Systems,0000813672,Information Technology
2025-12-31,CDW,CDW Corporation,0001402057,Information Technology
2025-12-31,CEG,Constellation Energy,0001868275,Utilities
2025-12-31,CF,CF Industries,0001324404,Materials
2025-12-31,CFG,Citizens Financial Group,0000759944,Financials
2025-12-31,CHD,Church & Dwight,0000313927,Consumer Staples
2025-12-31,CHRW,C.H. Robinson,0001043277,Industrials
2025-12-31,CHTR,Charter Communications,0001091667,Communication Services
2025-12-31,CI,Cigna,0001739940,Health Care
2025-12-31,CINF,Cincinnati Financial,0000020286,Financials
2025-12-31,CL,Colgate-Palmolive,0000021665,Consumer Staples
2025-12-31,CLX,Clorox,0000021076,Consumer Staples
2025-12-31,CMCSA,Comcast,0001166691,Communication Services
2025-12-31,CME,CME Group,0001156375,Financials
2025-12-31,CMG,Chipotle Mexican Grill,0001058090,Consumer Discretionary
2025-12-31,CMI,Cummins,0000026172,Industrials
2025-12-31,CMS,CMS Energy,0000811156,Utilities
2025-12-31,CNC,Centene Corporation,0001071739,Health Care
2025-12-31,CNP,CenterPoint Energy,0001130310,Utilities
2025-12-31,COF,Capital One,0000927628,Financials
2025-12-31,COIN,Coinbase,0001679788,Financials
2025-12-31,COO,Cooper Companies (The),0000711404,Health Care
2025-12-31,COP,ConocoPhillips,0001163165,Energy
2025-12-31,COR,Cencora,0001140859,Health Care
2025-12-31,COST,Costco,0000909832,Consumer Staples
2025-12-31,CPAY,Corpay,0001175454,Financials
2025-12-31,CPB,Campbell's Company (The),0000016732,Consumer Staples
2025-12-31,CPRT,Copart,0000900075,Industrials
2025-12-31,CPT,Camden Property Trust,0000906345,Real Estate
2025-12-31,CRH,CRH plc,0000849395,Materials
2025-12-31,CRL,Charles River Laboratories,0001100682,Health Care
2025-12-31,CRM,Salesforce,0001108524,Information Technology
2025-12-31,CRWD,CrowdStrike,0001535527,Information Technology
2025-12-31,CSCO,Cisco,0000858877,Information Technology
2025-12-31,CSGP,CoStar Group,0001057352,Real Estate
2025-12-31,CSX,CSX Corporation,0000277948,Industrials
2025-12-31,CTAS,Cintas,0000723254,Industrials
2025-12-31,CTRA,Coterra,0000858470,Energy
2025-12-31,CTSH,Cognizant,0001058290,Information Technology
2025-12-31,CTVA,Corteva,0001755672,Materials
2025-12-31,CVNA,Carvana,0001690820,Consumer Discretionary
2025-12-31,CVS,CVS Health,0000064803,Health Care
2025-12-31,CVX,Chevron Corporation,0000093410,Energy
2025-12-31,D,Dominion Energy,0000715957,Utilities
2025-12-31,DAL,Delta Air Lines,0000027904,Industrials
2025-12-31,DASH,DoorDash,0001792789,Consumer Discretionary
2025-12-31,DAY,Dayforce,0001725057,Industrials
2025-12-31,DD,DuPont,0001666700,Industrials
2025-12-31,DDOG,Datadog,0001561550,Information Technology
2025-12-31,DE,Deere & Company,0000315189,Industrials
2025-12-31,DECK,Deckers Brands,0000910521,Consumer Discretionary
2025-12-31,DELL,Dell Technologies,0001571996,Information Technology
2025-12-31,DG,Dollar General,0000029534,Consumer Staples
2025-12-31,DGX,Quest Diagnostics,0001022079,Health Care
2025-12-31,DHI,D. R. Horton,0000882184,Consumer Discretionary
2025-12-31,DHR,Danaher Corporation,0000313616,Health Care
2025-12-31,DIS,Walt Disney Company (The),0001744489,Communication Services
2025-12-31,DLR,Digital Realty,0001297996,Real Estate
2025-12-31,DLTR,Dollar Tree,0000935703,Consumer Staples
2025-12-31,DOC,Healthpeak Properties,0000765880,Real Estate
2025-12-31,DOV,Dover Corporation,0000029905,Industrials
2025-12-31,DOW,Dow Inc.,0001751788,Materials
2025-12-31,DPZ,Domino's,0001286681,Consumer Discretionary
2025-12-31,DRI,Darden Restaurants,0000940944,Consumer Discretionary
2025-12-31,DTE,DTE Energy,0000936340,Utilities
2025-12-31,DUK,Duke Energy,0001326160,Utilities
2025-12-31,DVA,DaVita,0000927066,Health Care
2025-12-31,DVN,Devon Energy,0001090012,Energy
2025-12-31,DXCM,Dexcom,0001093557,Health Care
2025-12-31,EA,Electronic Arts,0000712515,Communication Services
2025-12-31,EBAY,eBay Inc.,0001065088,Consumer Discretionary
2025-12-31,ECL,Ecolab,0000031462,Materials
2025-12-31,ED,Consolidated Edison,0001047862,Utilities
2025-12-31,EFX,Equifax,0000033185,Industrials
2025-12-31,EG,Everest Group,0001095073,Financials
2025-12-31,EIX,Edison International,0000827052,Utilities
2025-12-31,EL,Estée Lauder Companies (The),0001001250,Consumer Staples
2025-12-31,ELV,Elevance Health,0001156039,Health Care
2025-12-31,EME,Emcor,0000105634,Industrials
2025-12-31,EMR,Emerson Electric,0000032604,Industrials
2025-12-31,EOG,EOG Resources,0000821189,Energy
2025-12-31,EPAM,EPAM Systems,0001352010,Information Technology
2025-12-31,EQIX,Equinix,0001101239,Real Estate
2025-12-31,EQR,Equity Residential,0000906107,Real Estate
2025-12-31,EQT,EQT Corporation,0000033213,Energy
2025-12-31,ERIE,Erie Indemnity,0000922621,Financials
2025-12-31,ES,Eversource Energy,0000072741,Utilities
2025-12-31,ESS,Essex Property Trust,0000920522,Real Estate
2025-12-31,ETN,Eaton Corporation,0001551182,Industrials
2025-12-31,ETR,Entergy,0000065984,Utilities
2025-12-31,EVRG,Evergy,0001711269,Utilities
2025-12-31,EW,Edwards Lifesciences,0001099800,Health Care
2025-12-31,EXC,Exelon,0001109357,Utilities
2025-12-31,EXE,Expand Energy,0000895126,Energy
2025-12-31,EXPD,Expeditors International,0000746515,Industrials
2025-12-31,EXPE,Expedia Group,0001324424,Consumer Discretionary
2025-12-31,EXR,Extra Space Storage,0001289490,Real Estate
2025-12-31,F,Ford Motor Company,0000037996,Consumer Discretionary
2025-12-31,FANG,Diamondback Energy,0001539838,Energy
2025-12-31,FAST,Fastenal,0000815556,Industrials
2025-12-31,FCX,Freeport-McMoRan,0000831259,Materials
2025-12-31,FDS,FactSet,0001013237,Financials
2025-12-31,FDX,FedEx,0001048911,Industrials
2025-12-31,FE,FirstEnergy,0001031296,Utilities
2025-12-31,FFIV,"F5, Inc.",0001048695,Information Technology
2025-12-31,FICO,Fair Isaac,0000814547,Information Technology
2025-12-31,FIS,Fidelity National Information Services,0001136893,Financials
2025-12-31,FISV,Fiserv,0000798354,Financials
2025-12-31,FITB,Fifth Third Bancorp,0000035527,Financials
2025-12-31,FIX,Comfort Systems USA,0001035983,Industrials
2025-12-31,FOX,Fox Corporation (Class B),0001754301,Communication Services
2025-12-31,FOXA,Fox Corporation (Class A),0001754301,Communication Services
2025-12-31,FRT,Federal Realty Investment Trust,0000034903,Real Estate
2025-12-31,FSLR,First Solar,0001274494,Information Technology
2025-12-31,FTNT,Fortinet,0001262039,Information Technology
2025-12-31,FTV,Fortive,0001659166,Industrials
2025-12-31,GD,General Dynamics,0000040533,Industrials
2025-12-31,GDDY,GoDaddy,0001609711,Information Technology
2025-12-31,GE,GE Aerospace,0000040545,Industrials
2025-12-31,GEHC,GE HealthCare,0001932393,Health Care
2025-12-31,GEN,Gen Digital,0000849399,Information Technology
2025-12-31,GEV,GE Vernova,0001996810,Industrials
2025-12-31,GILD,Gilead Sciences,0000882095,Health Care
2025-12-31,GIS,General Mills,0000040704,Consumer Staples
2025-12-31,GL,Globe Life,0000320335,Financials
2025-12-31,GLW,Corning Inc.,0000024741,Information Technology
2025-12-31,GM,General Motors,0001467858,Consumer Discretionary
2025-12-31,GNRC,Generac,0001474735,Industrials
2025-12-31,GOOG,Alphabet Inc. (Class C),0001652044,Communication Services
2025-12-31,GOOGL,Alphabet Inc. (Class A),0001652044,Communication Services
2025-12-31,GPC,Genuine Parts Company,0000040987,Consumer Discretionary
2025-12-31,GPN,Global Payments,0001123360,Financials
2025-12-31,GRMN,Garmin,0001121788,Consumer Discretionary
2025-12-31,GS,Goldman Sachs,0000886982,Financials
2025-12-31,GWW,W. W. Grainger,0000277135,Industrials
2025-12-31,HAL,Halliburton,0000045012,Energy
2025-12-31,HAS,Hasbro,0000046080,Consumer Discretionary
2025-12-31,HBAN,Huntington Bancshares,0000049196,Financials
2025-12-31,HCA,HCA Healthcare,0000860730,Health Care
2025-12-31,HD,Home Depot (The),0000354950,Consumer Discretionary
2025-12-31,HIG,Hartford (The),0000874766,Financials
2025-12-31,HII,Huntington Ingalls Industries,0001501585,Industrials
2025-12-31,HLT,Hilton Worldwide,0001585689,Consumer Discretionary
2025-12-31,HOLX,Hologic,0000859737,Health Care
2025-12-31,HON,Honeywell Technologies,0000773840,Industrials
2025-12-31,HOOD,Robinhood Markets,0001783879,Financials
2025-12-31,HPE,Hewlett Packard Enterprise,0001645590,Information Technology
2025-12-31,HPQ,HP Inc.,0000047217,Information Technology
2025-12-31,HRL,Hormel Foods,0000048465,Consumer Staples
2025-12-31,HSIC,Henry Schein,0001000228,Health Care
2025-12-31,HST,Host Hotels & Resorts,0001070750,Real Estate
2025-12-31,HSY,Hershey Company (The),0000047111,Consumer Staples
2025-12-31,HUBB,Hubbell Incorporated,0000048898,Industrials
2025-12-31,HUM,Humana,0000049071,Health Care
2025-12-31,HWM,Howmet Aerospace,0000004281,Industrials
2025-12-31,IBKR,Interactive Brokers,0001381197,Financials
2025-12-31,IBM,IBM,0000051143,Information Technology
2025-12-31,ICE,Intercontinental Exchange,0001571949,Financials
2025-12-31,IDXX,Idexx Laboratories,0000874716,Health Care
2025-12-31,IEX,IDEX Corporation,0000832101,Industrials
2025-12-31,IFF,International Flavors & Fragrances,0000051253,Materials
2025-12-31,INCY,Incyte,0000879169,Health Care
2025-12-31,INTC,Intel,0000050863,Information Technology
2025-12-31,INTU,Intuit,0000896878,Information Technology
2025-12-31,INVH,Invitation Homes,0001687229,Real Estate
2025-12-31,IP,International Paper,0000051434,Materials
2025-12-31,IQV,IQVIA,0001478242,Health Care
2025-12-31,IR,Ingersoll Rand,0001699150,Industrials
2025-12-31,IRM,Iron Mountain,0001020569,Real Estate
2025-12-31,ISRG,Intuitive Surgical,0001035267,Health Care
2025-12-31,IT,Gartner,0000749251,Information Technology
2025-12-31,ITW,Illinois Tool Works,0000049826,Industrials
2025-12-31,IVZ,Invesco,0000914208,Financials
2025-12-31,J,Jacobs Solutions,0000052988,Industrials
2025-12-31,JBHT,J.B. Hunt,0000728535,Industrials
2025-12-31,JBL,Jabil,0000898293,Information Technology
2025-12-31,JCI,Johnson Controls,0000833444,Industrials
2025-12-31,JKHY,Jack Henry & Associates,0000779152,Financials
2025-12-31,JNJ,Johnson & Johnson,0000200406,Health Care
2025-12-31,JPM,JPMorgan Chase,0000019617,Financials
2025-12-31,KDP,Keurig Dr Pepper,0001418135,Consumer Staples
2025-12-31,KEY,KeyCorp,0000091576,Financials
2025-12-31,KEYS,Keysight Technologies,0001601046,Information Technology
2025-12-31,KHC,Kraft Heinz,0001637459,Consumer Staples
2025-12-31,KIM,Kimco Realty,0000879101,Real Estate
2025-12-31,KKR,KKR & Co.,0001404912,Financials
2025-12-31,KLAC,KLA Corporation,0000319201,Information Technology
2025-12-31,KMB,Kimberly-Clark,0000055785,Consumer Staples
2025-12-31,KMI,Kinder Morgan,0001506307,Energy
2025-12-31,KO,Coca-Cola Company (The),0000021344,Consumer Staples
2025-12-31,KR,Kroger,0000056873,Consumer Staples
2025-12-31,KVUE,Kenvue,0001944048,Consumer Staples
2025-12-31,L,Loews Corporation,0000060086,Financials
2025-12-31,LDOS,Leidos,0001336920,Industrials
2025-12-31,LEN,Lennar,0000920760,Consumer Discretionary
2025-12-31,LH,Labcorp,0000920148,Health Care
2025-12-31,LHX,L3Harris,0000202058,Industrials
2025-12-31,LII,Lennox International,0001069202,Industrials
2025-12-31,LIN,Linde plc,0001707925,Materials
2025-12-31,LLY,Lilly (Eli),0000059478,Health Care
2025-12-31,LMT,Lockheed Martin,0000936468,Industrials
2025-12-31,LNT,Alliant Energy,0000352541,Utilities
2025-12-31,LOW,Lowe's,0000060667,Consumer Discretionary
2025-12-31,LRCX,Lam Research,0000707549,Information Technology
2025-12-31,LULU,Lululemon Athletica,0001397187,Consumer Discretionary
2025-12-31,LUV,Southwest Airlines,0000092380,Industrials
2025-12-31,LVS,Las Vegas Sands,0001300514,Consumer Discretionary
2025-12-31,LW,Lamb Weston,0001679273,Consumer Staples
2025-12-31,LYB,LyondellBasell,0001489393,Materials
2025-12-31,LYV,Live Nation Entertainment,0001335258,Communication Services
2025-12-31,MA,Mastercard,0001141391,Financials
2025-12-31,MAA,Mid-America Apartment Communities,0000912595,Real Estate
2025-12-31,MAR,Marriott International,0001048286,Consumer Discretionary
2025-12-31,MAS,Masco,0000062996,Industrials
2025-12-31,MCD,McDonald's,0000063908,Consumer Discretionary
2025-12-31,MCHP,Microchip Technology,0000827054,Information Technology
2025-12-31,MCK,McKesson Corporation,0000927653,Health Care
2025-12-31,MCO,Moody's Corporation,0001059556,Financials
2025-12-31,MDLZ,Mondelez International,0001103982,Consumer Staples
2025-12-31,MDT,Medtronic,0001613103,Health Care
2025-12-31,MET,MetLife,0001099219,Financials
2025-12-31,META,Meta Platforms,0001326801,Communication Services
2025-12-31,MGM,MGM Resorts,0000789570,Consumer Discretionary
2025-12-31,MKC,McCormick & Company,0000063754,Consumer Staples
2025-12-31,MLM,Martin Marietta Materials,0000916076,Materials
2025-12-31,MMC,Marsh McLennan,0000062709,Financials
2025-12-31,MMM,3M,0000066740,Industrials
2025-12-31,MNST,Monster Beverage,0000865752,Consumer Staples
2025-12-31,MO,Altria,0000764180,Consumer Staples
2025-12-31,MOH,Molina Healthcare,0001179929,Health Care
2025-12-31,MOS,Mosaic Company (The),0001285785,Materials
2025-12-31,MPC,Marathon Petroleum,0001510295,Energy
2025-12-31,MPWR,Monolithic Power Systems,0001280452,Information Technology
2025-12-31,MRK,Merck & Co.,0000310158,Health Care
2025-12-31,MRNA,Moderna,0001682852,Health Care
2025-12-31,MS,Morgan Stanley,0000895421,Financials
2025-12-31,MSCI,MSCI,0001408198,Financials
2025-12-31,MSFT,Microsoft,0000789019,Information Technology
2025-12-31,MSI,Motorola Solutions,0000068505,Information Technology
2025-12-31,MTB,M&T Bank,0000036270,Financials
2025-12-31,MTCH,Match Group,0000891103,Communication Services
2025-12-31,MTD,Mettler Toledo,0001037646,Health Care
2025-12-31,MU,Micron Technology,0000723125,Information Technology
2025-12-31,NCLH,Norwegian Cruise Line Holdings,0001513761,Consumer Discretionary
2025-12-31,NDAQ,"Nasdaq, Inc.",0001120193,Financials
2025-12-31,NDSN,Nordson Corporation,0000072331,Industrials
2025-12-31,NEE,NextEra Energy,0000753308,Utilities
2025-12-31,NEM,Newmont,0001164727,Materials
2025-12-31,NFLX,Netflix,0001065280,Communication Services
2025-12-31,NI,NiSource,0001111711,Utilities
2025-12-31,NKE,"Nike, Inc.",0000320187,Consumer Discretionary
2025-12-31,NOC,Northrop Grumman,0001133421,Industrials
2025-12-31,NOW,ServiceNow,0001373715,Information Technology
2025-12-31,NRG,NRG Energy,0001013871,Utilities
2025-12-31,NSC,Norfolk Southern,0000702165,Industrials
2025-12-31,NTAP,NetApp,0001002047,Information Technology
2025-12-31,NTRS,Northern Trust,0000073124,Financials
2025-12-31,NUE,Nucor,0000073309,Materials
2025-12-31,NVDA,Nvidia,0001045810,Information Technology
2025-12-31,NVR,"NVR, Inc.",0000906163,Consumer Discretionary
2025-12-31,NWS,News Corp (Class B),0001564708,Communication Services
2025-12-31,NWSA,News Corp (Class A),0001564708,Communication Services
2025-12-31,NXPI,NXP Semiconductors,0001413447,Information Technology
2025-12-31,O,Realty Income,0000726728,Real Estate
2025-12-31,ODFL,Old Dominion,0000878927,Industrials
2025-12-31,OKE,Oneok,0001039684,Energy
2025-12-31,OMC,Omnicom Group,0000029989,Communication Services
2025-12-31,ON,ON Semiconductor,0001097864,Information Technology
2025-12-31,ORCL,Oracle Corporation,0001341439,Information Technology
2025-12-31,ORLY,O'Reilly Automotive,0000898173,Consumer Discretionary
2025-12-31,OTIS,Otis Worldwide,0001781335,Industrials
2025-12-31,OXY,Occidental Petroleum,0000797468,Energy
2025-12-31,PANW,Palo Alto Networks,0001327567,Information Technology
2025-12-31,PAYC,Paycom,0001590955,Industrials
2025-12-31,PAYX,Paychex,0000723531,Industrials
2025-12-31,PCAR,Paccar,0000075362,Industrials
2025-12-31,PCG,PG&E Corporation,0001004980,Utilities
2025-12-31,PEG,Public Service Enterprise Group,0000788784,Utilities
2025-12-31,PEP,PepsiCo,0000077476,Consumer Staples
2025-12-31,PFE,Pfizer,0000078003,Health Care
2025-12-31,PFG,Principal Financial Group,0001126328,Financials
2025-12-31,PG,Procter & Gamble,0000080424,Consumer Staples
2025-12-31,PGR,Progressive Corporation,0000080661,Financials
2025-12-31,PH,Parker Hannifin,0000076334,Industrials
2025-12-31,PHM,PulteGroup,0000822416,Consumer Discretionary
2025-12-31,PKG,Packaging Corporation of America,0000075677,Materials
2025-12-31,PLD,Prologis,0001045609,Real Estate
2025-12-31,PLTR,Palantir Technologies,0001321655,Information Technology
2025-12-31,PM,Philip Morris International,0001413329,Consumer Staples
2025-12-31,PNC,PNC Financial Services,0000713676,Financials
2025-12-31,PNR,Pentair,0000077360,Industrials
2025-12-31,PNW,Pinnacle West Capital,0000764622,Utilities
2025-12-31,PODD,Insulet Corporation,0001145197,Health Care
2025-12-31,POOL,Pool Corporation,0000945841,Consumer Discretionary
2025-12-31,PPG,PPG Industries,0000079879,Materials
2025-12-31,PPL,PPL Corporation,0000922224,Utilities
2025-12-31,PRU,Prudential Financial,0001137774,Financials
2025-12-31,PSA,Public Storage,0001393311,Real Estate
2025-12-31,PSKY,Paramount Skydance Corporation,0002041610,Communication Services
2025-12-31,PSX,Phillips 66,0001534701,Energy
2025-12-31,PTC,PTC Inc.,0000857005,Information Technology
2025-12-31,PWR,Quanta Services,0001050915,Industrials
2025-12-31,PYPL,PayPal,0001633917,Financials
2025-12-31,Q,Qnity Electronics,0002058873,Information Technology
2025-12-31,QCOM,Qualcomm,0000804328,Information Technology
2025-12-31,RCL,Royal Caribbean Group,0000884887,Consumer Discretionary
2025-12-31,REG,Regency Centers,0000910606,Real Estate
2025-12-31,REGN,Regeneron Pharmaceuticals,0000872589,Health Care
2025-12-31,RF,Regions Financial Corporation,0001281761,Financials
2025-12-31,RJF,Raymond James Financial,0000720005,Financials
2025-12-31,RL,Ralph Lauren Corporation,0001037038,Consumer Discretionary
2025-12-31,RMD,ResMed|,0000943819,Health Care
2025-12-31,ROK,Rockwell Automation,0001024478,Industrials
2025-12-31,ROL,"Rollins, Inc.",0000084839,Industrials
2025-12-31,ROP,Roper Technologies,0000882835,Information Technology
2025-12-31,ROST,Ross Stores,0000745732,Consumer Discretionary
2025-12-31,RSG,Republic Services,0001060391,Industrials
2025-12-31,RTX,RTX Corporation,0000101829,Industrials
2025-12-31,RVTY,Revvity,0000031791,Health Care
2025-12-31,SBAC,SBA Communications,0001034054,Real Estate
2025-12-31,SBUX,Starbucks,0000829224,Consumer Discretionary
2025-12-31,SCHW,Charles Schwab Corporation,0000316709,Financials
2025-12-31,SHW,Sherwin-Williams,0000089800,Materials
2025-12-31,SJM,J.M. Smucker Company (The),0000091419,Consumer Staples
2025-12-31,SLB,Schlumberger,0000087347,Energy
2025-12-31,SMCI,Supermicro,0001375365,Information Technology
2025-12-31,SNA,Snap-on,0000091440,Industrials
2025-12-31,SNDK,Sandisk,0002023554,Information Technology
2025-12-31,SNPS,Synopsys,0000883241,Information Technology
2025-12-31,SO,Southern Company,0000092122,Utilities
2025-12-31,SOLV,Solventum,0001964738,Health Care
2025-12-31,SPG,Simon Property Group,0001063761,Real Estate
2025-12-31,SPGI,S&P Global,0000064040,Financials
2025-12-31,SRE,Sempra,0001032208,Utilities
2025-12-31,STE,Steris,0001757898,Health Care
2025-12-31,STLD,Steel Dynamics,0001022671,Materials
2025-12-31,STT,State Street Corporation,0000093751,Financials
2025-12-31,STX,Seagate Technology,0001137789,Information Technology
2025-12-31,STZ,Constellation Brands,0000016918,Consumer Staples
2025-12-31,SW,Smurfit Westrock,0002005951,Materials
2025-12-31,SWK,Stanley Black & Decker,0000093556,Industrials
2025-12-31,SWKS,Skyworks Solutions,0000004127,Information Technology
2025-12-31,SYF,Synchrony Financial,0001601712,Financials
2025-12-31,SYK,Stryker Corporation,0000310764,Health Care
2025-12-31,SYY,Sysco,0000096021,Consumer Staples
2025-12-31,T,AT&T,0000732717,Communication Services
2025-12-31,TAP,Molson Coors Beverage Company,0000024545,Consumer Staples
2025-12-31,TDG,TransDigm Group,0001260221,Industrials
2025-12-31,TDY,Teledyne Technologies,0001094285,Information Technology
2025-12-31,TECH,Bio-Techne,0000842023,Health Care
2025-12-31,TEL,TE Connectivity,0001385157,Information Technology
2025-12-31,TER,Teradyne,0000097210,Information Technology
2025-12-31,TFC,Truist Financial,0000092230,Financials
2025-12-31,TGT,Target Corporation,0000027419,Consumer Staples
2025-12-31,TJX,TJX Companies,0000109198,Consumer Discretionary
2025-12-31,TKO,TKO Group Holdings,0001973266,Communication Services
2025-12-31,TMO,Thermo Fisher Scientific,0000097745,Health Care
2025-12-31,TMUS,T-Mobile US,0001283699,Communication Services
2025-12-31,TPL,Texas Pacific Land Corporation,0001811074,Energy
2025-12-31,TPR,"Tapestry, Inc.",0001116132,Consumer Discretionary
2025-12-31,TRGP,Targa Resources,0001389170,Energy
2025-12-31,TRMB,Trimble Inc.,0000864749,Information Technology
2025-12-31,TROW,T. Rowe Price,0001113169,Financials
2025-12-31,TRV,Travelers Companies (The),0000086312,Financials
2025-12-31,TSCO,Tractor Supply,0000916365,Consumer Discretionary
2025-12-31,TSLA,"Tesla, Inc.",0001318605,Consumer Discretionary
2025-12-31,TSN,Tyson Foods,0000100493,Consumer Staples
2025-12-31,TT,Trane Technologies,0001466258,Industrials
2025-12-31,TTD,Trade Desk (The),0001671933,Communication Services
2025-12-31,TTWO,Take-Two Interactive,0000946581,Communication Services
2025-12-31,TXN,Texas Instruments,0000097476,Information Technology
2025-12-31,TXT,Textron,0000217346,Industrials
2025-12-31,TYL,Tyler Technologies,0000860731,Information Technology
2025-12-31,UAL,United Airlines Holdings,0000100517,Industrials
2025-12-31,UBER,Uber,0001543151,Industrials
2025-12-31,UDR,"UDR, Inc.",0000074208,Real Estate
2025-12-31,UHS,Universal Health Services,0000352915,Health Care
2025-12-31,ULTA,Ulta Beauty,0001403568,Consumer Discretionary
2025-12-31,UNH,UnitedHealth Group,0000731766,Health Care
2025-12-31,UNP,Union Pacific Corporation,0000100885,Industrials
2025-12-31,UPS,United Parcel Service,0001090727,Industrials
2025-12-31,URI,United Rentals,0001067701,Industrials
2025-12-31,USB,U.S. Bancorp,0000036104,Financials
2025-12-31,V,Visa Inc.,0001403161,Financials
2025-12-31,VICI,Vici Properties,0001705696,Real Estate
2025-12-31,VLO,Valero Energy,0001035002,Energy
2025-12-31,VLTO,Veralto,0001967680,Industrials
2025-12-31,VMC,Vulcan Materials Company,0001396009,Materials
2025-12-31,VRSK,Verisk Analytics,0001442145,Industrials
2025-12-31,VRSN,Verisign,0001014473,Information Technology
2025-12-31,VRTX,Vertex Pharmaceuticals,0000875320,Health Care
2025-12-31,VST,Vistra Corp.,0001692819,Utilities
2025-12-31,VTR,Ventas,0000740260,Real Estate
2025-12-31,VTRS,Viatris,0001792044,Health Care
2025-12-31,VZ,Verizon,0000732712,Communication Services
2025-12-31,WAB,Wabtec,0000943452,Industrials
2025-12-31,WAT,Waters Corporation,0001000697,Health Care
2025-12-31,WBD,Warner Bros. Discovery,0001437107,Communication Services
2025-12-31,WDAY,"Workday, Inc.",0001327811,Information Technology
2025-12-31,WDC,Western Digital,0000106040,Information Technology
2025-12-31,WEC,WEC Energy Group,0000783325,Utilities
2025-12-31,WELL,Welltower,0000766704,Real Estate
2025-12-31,WFC,Wells Fargo,0000072971,Financials
2025-12-31,WM,Waste Management,0000823768,Industrials
2025-12-31,WMB,Williams Companies,0000107263,Energy
2025-12-31,WMT,Walmart,0000104169,Consumer Staples
2025-12-31,WRB,W. R. Berkley Corporation,0000011544,Financials
2025-12-31,WSM,"Williams-Sonoma, Inc.",0000719955,Consumer Discretionary
2025-12-31,WST,West Pharmaceutical Services,0000105770,Health Care
2025-12-31,WTW,Willis Towers Watson,0001140536,Financials
2025-12-31,WY,Weyerhaeuser,0000106535,Real Estate
2025-12-31,WYNN,Wynn Resorts,0001174922,Consumer Discretionary
2025-12-31,XEL,Xcel Energy,0000072903,Utilities
2025-12-31,XOM,ExxonMobil,0002115436,Energy
2025-12-31,XYL,Xylem Inc.,0001524472,Industrials
2025-12-31,XYZ,"Block, Inc.",0001512673,Financials
2025-12-31,YUM,Yum! Brands,0001041061,Consumer Discretionary
2025-12-31,ZBH,Zimmer Biomet,0001136869,Health Care
2025-12-31,ZBRA,Zebra Technologies,0000877212,Information Technology
2025-12-31,ZTS,Zoetis,0001555280,Health Care
